"DoctorID","DoctorName","Specialization","DoctorContact","created_at"
116,Shell,Infectious disease,.@yopmail.com,2024-10-22 19:29:36.806
752,Regina,Oncologist,.@yopmail.com,2024-10-22 19:29:36.806
957,Sissy,Otolaryngologists,.@yopmail.com,2024-10-22 19:29:36.806
217,Celestyna,Cardiology,.@yopmail.com,2024-10-22 19:29:36.806
100,Thalia,Emergency Medicine,.@yopmail.com,2024-10-22 19:29:36.806
708,Brynna,Surgery,.@yopmail.com,2024-10-22 19:29:36.806
262,Maye,Pulmonologists,.@yopmail.com,2024-10-22 19:29:36.806
378,Concettina,Hospice and Palliative Care,.@yopmail.com,2024-10-22 19:29:36.806
910,Minda,Anesthesiology,.@yopmail.com,2024-10-22 19:29:36.806
740,Charissa,Nephrology,.@yopmail.com,2024-10-22 19:29:36.806
995,Lanae,Neurology,.@yopmail.com,2024-10-22 19:29:36.806
907,Ida,Oncologist,.@yopmail.com,2024-10-22 19:29:36.806
688,Constance,Otolaryngologists,.@yopmail.com,2024-10-22 19:29:36.806
117,Karena,Otolaryngologists,.@yopmail.com,2024-10-22 19:29:36.806
602,Tabbatha,Anesthesiology,.@yopmail.com,2024-10-22 19:29:36.806
262,Lanna,Radiology,.@yopmail.com,2024-10-22 19:29:36.806
811,Lucille,Dermatology,.@yopmail.com,2024-10-22 19:29:36.806
589,Calla,Dermatology,.@yopmail.com,2024-10-22 19:29:36.806
634,Jacenta,Radiology,.@yopmail.com,2024-10-22 19:29:36.806
188,Shaine,Anesthesiology,.@yopmail.com,2024-10-22 19:29:36.806
349,Edee,Geriatrician,.@yopmail.com,2024-10-22 19:29:36.806
555,Misha,Endocrinologist,.@yopmail.com,2024-10-22 19:29:36.806
715,Hope,Emergency Medicine,.@yopmail.com,2024-10-22 19:29:36.806
885,Lilith,Allergists,.@yopmail.com,2024-10-22 19:29:36.806
712,Reeba,Surgery,.@yopmail.com,2024-10-22 19:29:36.806
317,Corina,Pulmonologists,.@yopmail.com,2024-10-22 19:29:36.806
933,Ernesta,Psychiatry,.@yopmail.com,2024-10-22 19:29:36.806
447,Asia,Internists,.@yopmail.com,2024-10-22 19:29:36.806
615,Sonni,Surgery,.@yopmail.com,2024-10-22 19:29:36.806
250,Morganica,Pediatrics,.@yopmail.com,2024-10-22 19:29:36.806
692,Nariko,Internists,.@yopmail.com,2024-10-22 19:29:36.806
303,Sherrie,Infectious disease,.@yopmail.com,2024-10-22 19:29:36.806
339,Brandise,Internists,.@yopmail.com,2024-10-22 19:29:36.806
306,Georgina,Geriatrician,.@yopmail.com,2024-10-22 19:29:36.806
837,Beatriz,Allergists,.@yopmail.com,2024-10-22 19:29:36.806
416,Jere,Neurology,.@yopmail.com,2024-10-22 19:29:36.806
438,Iseabal,Gastroenterology,.@yopmail.com,2024-10-22 19:29:36.806
889,Paola,Infectious disease,.@yopmail.com,2024-10-22 19:29:36.806
955,Gretal,Emergency Medicine,.@yopmail.com,2024-10-22 19:29:36.806
730,Luci,Emergency Medicine,.@yopmail.com,2024-10-22 19:29:36.806
667,Gloria,Geriatrician,.@yopmail.com,2024-10-22 19:29:36.806
276,Nelle,Endocrinologist,.@yopmail.com,2024-10-22 19:29:36.806
645,Asia,Otolaryngologists,.@yopmail.com,2024-10-22 19:29:36.806
722,Catrina,Obstetric Anesthesiologists,.@yopmail.com,2024-10-22 19:29:36.806
716,Misha,Anesthesiology,.@yopmail.com,2024-10-22 19:29:36.806
911,Lorne,Neurology,.@yopmail.com,2024-10-22 19:29:36.806
938,Hermione,Pulmonologists,.@yopmail.com,2024-10-22 19:29:36.806
117,Moyna,Surgery,.@yopmail.com,2024-10-22 19:29:36.806
350,Estell,Otolaryngologists,.@yopmail.com,2024-10-22 19:29:36.806
272,Nikki,Oncologist,.@yopmail.com,2024-10-22 19:29:36.806
770,Karly,Emergency Medicine,.@yopmail.com,2024-10-22 19:29:36.806
491,Jinny,Infectious disease,.@yopmail.com,2024-10-22 19:29:36.806
771,Karena,Internists,.@yopmail.com,2024-10-22 19:29:36.806
183,Shauna,Psychiatry,.@yopmail.com,2024-10-22 19:29:36.806
165,Monika,Psychiatry,.@yopmail.com,2024-10-22 19:29:36.806
492,Berta,Cardiology,.@yopmail.com,2024-10-22 19:29:36.806
527,Cristabel,Cardiology,.@yopmail.com,2024-10-22 19:29:36.806
359,Hollie,Anesthesiology,.@yopmail.com,2024-10-22 19:29:36.806
664,Flo,Geriatrician,.@yopmail.com,2024-10-22 19:29:36.806
391,Annabela,Oncologist,.@yopmail.com,2024-10-22 19:29:36.806
434,Verla,Otolaryngologists,.@yopmail.com,2024-10-22 19:29:36.806
875,Marjie,Endocrinologist,.@yopmail.com,2024-10-22 19:29:36.806
468,Tamqrah,Radiology,.@yopmail.com,2024-10-22 19:29:36.806
734,Chrystel,Otolaryngologists,.@yopmail.com,2024-10-22 19:29:36.806
373,Delilah,Ophthalmology,.@yopmail.com,2024-10-22 19:29:36.806
843,Leeanne,Pulmonologists,.@yopmail.com,2024-10-22 19:29:36.806
853,Elka,Hospice and Palliative Care,.@yopmail.com,2024-10-22 19:29:36.806
158,Chere,Nephrology,.@yopmail.com,2024-10-22 19:29:36.806
720,Jere,Neurology,.@yopmail.com,2024-10-22 19:29:36.806
548,Karlee,Critical Care Medicine,.@yopmail.com,2024-10-22 19:29:36.806
423,Carree,Allergists,.@yopmail.com,2024-10-22 19:29:36.806
432,Lorie,Critical Care Medicine,.@yopmail.com,2024-10-22 19:29:36.806
611,Shell,Gastroenterology,.@yopmail.com,2024-10-22 19:29:36.806
194,Phedra,Surgery,.@yopmail.com,2024-10-22 19:29:36.806
892,Brynna,Cardiology,.@yopmail.com,2024-10-22 19:29:36.806
696,Alejandra,Endocrinologist,.@yopmail.com,2024-10-22 19:29:36.806
565,Dione,Psychiatry,.@yopmail.com,2024-10-22 19:29:36.806
778,Brana,Dermatology,.@yopmail.com,2024-10-22 19:29:36.806
612,Krystle,Pediatrics,.@yopmail.com,2024-10-22 19:29:36.806
894,Helsa,Emergency Medicine,.@yopmail.com,2024-10-22 19:29:36.806
328,Atlanta,Infectious disease,.@yopmail.com,2024-10-22 19:29:36.806
870,Johna,Obstetric Anesthesiologists,.@yopmail.com,2024-10-22 19:29:36.806
344,Aurore,Gastroenterology,.@yopmail.com,2024-10-22 19:29:36.806
705,Rosene,Obstetric Anesthesiologists,.@yopmail.com,2024-10-22 19:29:36.806
607,Jenilee,Internists,.@yopmail.com,2024-10-22 19:29:36.806
168,Mellicent,Otolaryngologists,.@yopmail.com,2024-10-22 19:29:36.806
539,Hallie,Neurology,.@yopmail.com,2024-10-22 19:29:36.806
892,Annabela,Oncologist,.@yopmail.com,2024-10-22 19:29:36.806
113,Shaylyn,Radiology,.@yopmail.com,2024-10-22 19:29:36.806
947,Allis,Endocrinologist,.@yopmail.com,2024-10-22 19:29:36.806
707,Cassandra,Pulmonologists,.@yopmail.com,2024-10-22 19:29:36.806
757,Mariele,Neurology,.@yopmail.com,2024-10-22 19:29:36.806
539,Jillayne,Allergists,.@yopmail.com,2024-10-22 19:29:36.806
729,Louella,Cardiology,.@yopmail.com,2024-10-22 19:29:36.806
213,Sidoney,Hospice and Palliative Care,.@yopmail.com,2024-10-22 19:29:36.806
466,Ninnetta,Pediatrics,.@yopmail.com,2024-10-22 19:29:36.806
856,Arabel,Oncologist,.@yopmail.com,2024-10-22 19:29:36.806
939,Melodie,Oncologist,.@yopmail.com,2024-10-22 19:29:36.806
288,Frank,Endocrinologist,.@yopmail.com,2024-10-22 19:29:36.806
227,Millie,Neurology,.@yopmail.com,2024-10-22 19:29:36.806
270,Brooks,Allergists,.@yopmail.com,2024-10-22 19:29:36.806
920,Nerta,Otolaryngologists,.@yopmail.com,2024-10-22 19:29:36.806
332,Jinny,Neurology,.@yopmail.com,2024-10-22 19:29:36.806
798,Vere,Allergists,.@yopmail.com,2024-10-22 19:29:36.806
509,Hope,Pediatrics,.@yopmail.com,2024-10-22 19:29:36.806
920,Barbi,Surgery,.@yopmail.com,2024-10-22 19:29:36.806
940,Yolane,Ophthalmology,.@yopmail.com,2024-10-22 19:29:36.806
483,Kellen,Nephrology,.@yopmail.com,2024-10-22 19:29:36.806
258,Joeann,Cardiology,.@yopmail.com,2024-10-22 19:29:36.806
284,Ketti,Oncologist,.@yopmail.com,2024-10-22 19:29:36.806
537,Carmela,Anesthesiology,.@yopmail.com,2024-10-22 19:29:36.806
170,Quintina,Oncologist,.@yopmail.com,2024-10-22 19:29:36.806
156,Claudina,Infectious disease,.@yopmail.com,2024-10-22 19:29:36.806
707,Sissy,Pediatrics,.@yopmail.com,2024-10-22 19:29:36.806
713,Morganica,Nephrology,.@yopmail.com,2024-10-22 19:29:36.806
110,Maud,Cardiology,.@yopmail.com,2024-10-22 19:29:36.806
288,Dominga,Radiology,.@yopmail.com,2024-10-22 19:29:36.806
706,Robbi,Dermatology,.@yopmail.com,2024-10-22 19:29:36.806
543,Orelia,Radiology,.@yopmail.com,2024-10-22 19:29:36.806
362,Charissa,Internists,.@yopmail.com,2024-10-22 19:29:36.806
104,Cacilie,Emergency Medicine,.@yopmail.com,2024-10-22 19:29:36.806
625,Beverley,Endocrinologist,.@yopmail.com,2024-10-22 19:29:36.806
286,Arlina,Radiology,.@yopmail.com,2024-10-22 19:29:36.806
679,Debee,Otolaryngologists,.@yopmail.com,2024-10-22 19:29:36.806
801,Brooks,Dermatology,.@yopmail.com,2024-10-22 19:29:36.806
120,Lilith,Dermatology,.@yopmail.com,2024-10-22 19:29:36.806
359,Katharina,Anesthesiology,.@yopmail.com,2024-10-22 19:29:36.806
262,Adele,Cardiology,.@yopmail.com,2024-10-22 19:29:36.806
414,Joeann,Otolaryngologists,.@yopmail.com,2024-10-22 19:29:36.806
545,Oona,Pediatrics,.@yopmail.com,2024-10-22 19:29:36.806
485,Tera,Otolaryngologists,.@yopmail.com,2024-10-22 19:29:36.806
802,Kial,Allergists,.@yopmail.com,2024-10-22 19:29:36.806
328,Anallese,Endocrinologist,.@yopmail.com,2024-10-22 19:29:36.806
930,Raf,Family Medicine,.@yopmail.com,2024-10-22 19:29:36.806
890,Fredericka,Internists,.@yopmail.com,2024-10-22 19:29:36.806
700,Katleen,Ophthalmology,.@yopmail.com,2024-10-22 19:29:36.806
640,Rani,Radiology,.@yopmail.com,2024-10-22 19:29:36.806
634,Britni,Oncologist,.@yopmail.com,2024-10-22 19:29:36.806
364,Aurelie,Nephrology,.@yopmail.com,2024-10-22 19:29:36.806
886,Calla,Gastroenterology,.@yopmail.com,2024-10-22 19:29:36.806
519,Maryellen,Endocrinologist,.@yopmail.com,2024-10-22 19:29:36.806
202,Di,Pulmonologists,.@yopmail.com,2024-10-22 19:29:36.806
883,Teriann,Psychiatry,.@yopmail.com,2024-10-22 19:29:36.806
747,Elie,Ophthalmology,.@yopmail.com,2024-10-22 19:29:36.806
472,Mildrid,Oncologist,.@yopmail.com,2024-10-22 19:29:36.806
269,Cathyleen,Family Medicine,.@yopmail.com,2024-10-22 19:29:36.806
459,Alex,Pediatrics,.@yopmail.com,2024-10-22 19:29:36.806
785,Shandie,Radiology,.@yopmail.com,2024-10-22 19:29:36.806
495,Aeriela,Otolaryngologists,.@yopmail.com,2024-10-22 19:29:36.806
452,Minne,Critical Care Medicine,.@yopmail.com,2024-10-22 19:29:36.806
470,Etta,Family Medicine,.@yopmail.com,2024-10-22 19:29:36.806
314,Ernesta,Nephrology,.@yopmail.com,2024-10-22 19:29:36.806
566,Leontine,Surgery,.@yopmail.com,2024-10-22 19:29:36.806
491,Ivett,Infectious disease,.@yopmail.com,2024-10-22 19:29:36.806
879,Micheline,Ophthalmology,.@yopmail.com,2024-10-22 19:29:36.806
348,Modestia,Anesthesiology,.@yopmail.com,2024-10-22 19:29:36.806
194,Valli,Neurology,.@yopmail.com,2024-10-22 19:29:36.806
580,Lynnea,Internists,.@yopmail.com,2024-10-22 19:29:36.806
760,Orsola,Oncologist,.@yopmail.com,2024-10-22 19:29:36.806
728,Eugine,Gastroenterology,.@yopmail.com,2024-10-22 19:29:36.806
829,Molli,Anesthesiology,.@yopmail.com,2024-10-22 19:29:36.806
559,Ottilie,Otolaryngologists,.@yopmail.com,2024-10-22 19:29:36.806
934,Lorie,Neurology,.@yopmail.com,2024-10-22 19:29:36.806
235,Mariann,Radiology,.@yopmail.com,2024-10-22 19:29:36.806
256,Inga,Hospice and Palliative Care,.@yopmail.com,2024-10-22 19:29:36.806
449,Harmonia,Infectious disease,.@yopmail.com,2024-10-22 19:29:36.806
924,Roslyn,Surgery,.@yopmail.com,2024-10-22 19:29:36.806
915,Marti,Pulmonologists,.@yopmail.com,2024-10-22 19:29:36.806
956,Merry,Pulmonologists,.@yopmail.com,2024-10-22 19:29:36.806
745,Lenna,Pediatrics,.@yopmail.com,2024-10-22 19:29:36.806
236,Morganica,Radiology,.@yopmail.com,2024-10-22 19:29:36.806
617,Charissa,Geriatrician,.@yopmail.com,2024-10-22 19:29:36.806
832,Ulrike,Infectious disease,.@yopmail.com,2024-10-22 19:29:36.806
241,Merci,Allergists,.@yopmail.com,2024-10-22 19:29:36.806
931,Micheline,Otolaryngologists,.@yopmail.com,2024-10-22 19:29:36.806
439,Noelle,Gastroenterology,.@yopmail.com,2024-10-22 19:29:36.806
499,Karlee,Anesthesiology,.@yopmail.com,2024-10-22 19:29:36.806
159,Georgetta,Infectious disease,.@yopmail.com,2024-10-22 19:29:36.806
428,Moyna,Pulmonologists,.@yopmail.com,2024-10-22 19:29:36.806
956,Frank,Critical Care Medicine,.@yopmail.com,2024-10-22 19:29:36.806
803,Bernardine,Otolaryngologists,.@yopmail.com,2024-10-22 19:29:36.806
648,Marcelline,Psychiatry,.@yopmail.com,2024-10-22 19:29:36.806
540,Talya,Otolaryngologists,.@yopmail.com,2024-10-22 19:29:36.806
117,Alex,Dermatology,.@yopmail.com,2024-10-22 19:29:36.806
831,Trudie,Cardiology,.@yopmail.com,2024-10-22 19:29:36.806
345,Phedra,Dermatology,.@yopmail.com,2024-10-22 19:29:36.806
417,Molli,Allergists,.@yopmail.com,2024-10-22 19:29:36.806
157,Mellicent,Infectious disease,.@yopmail.com,2024-10-22 19:29:36.806
603,Christal,Pulmonologists,.@yopmail.com,2024-10-22 19:29:36.806
245,Mahalia,Surgery,.@yopmail.com,2024-10-22 19:29:36.806
164,Alyssa,Emergency Medicine,.@yopmail.com,2024-10-22 19:29:36.806
260,Dorthy,Gastroenterology,.@yopmail.com,2024-10-22 19:29:36.806
656,Merrie,Ophthalmology,.@yopmail.com,2024-10-22 19:29:36.806
338,Taffy,Neurology,.@yopmail.com,2024-10-22 19:29:36.806
605,Jean,Ophthalmology,.@yopmail.com,2024-10-22 19:29:36.806
552,Florencia,Oncologist,.@yopmail.com,2024-10-22 19:29:36.806
748,Nanete,Oncologist,.@yopmail.com,2024-10-22 19:29:36.806
776,Carilyn,Otolaryngologists,.@yopmail.com,2024-10-22 19:29:36.806
153,Chastity,Radiology,.@yopmail.com,2024-10-22 19:29:36.806
888,Grier,Dermatology,.@yopmail.com,2024-10-22 19:29:36.806
565,Rozele,Neurology,.@yopmail.com,2024-10-22 19:29:36.806
526,Karly,Internists,.@yopmail.com,2024-10-22 19:29:36.806
473,Dulcinea,Dermatology,.@yopmail.com,2024-10-22 19:29:36.806
714,Brianna,Dermatology,.@yopmail.com,2024-10-22 19:29:36.806
947,Margalo,Otolaryngologists,.@yopmail.com,2024-10-22 19:29:36.806
290,Bernie,Anesthesiology,.@yopmail.com,2024-10-22 19:29:36.806
984,Dacia,Gastroenterology,.@yopmail.com,2024-10-22 19:29:36.806
808,Max,Dermatology,.@yopmail.com,2024-10-22 19:29:36.806
829,Agnese,Pediatrics,.@yopmail.com,2024-10-22 19:29:36.806
610,Yvonne,Radiology,.@yopmail.com,2024-10-22 19:29:36.806
569,Corina,Otolaryngologists,.@yopmail.com,2024-10-22 19:29:36.806
163,Candi,Critical Care Medicine,.@yopmail.com,2024-10-22 19:29:36.806
680,Emma,Emergency Medicine,.@yopmail.com,2024-10-22 19:29:36.806
566,Hallie,Allergists,.@yopmail.com,2024-10-22 19:29:36.806
484,Nanete,Hospice and Palliative Care,.@yopmail.com,2024-10-22 19:29:36.806
534,Pierette,Pediatrics,.@yopmail.com,2024-10-22 19:29:36.806
165,Deane,Anesthesiology,.@yopmail.com,2024-10-22 19:29:36.806
583,Gabi,Nephrology,.@yopmail.com,2024-10-22 19:29:36.806
935,Misha,Oncologist,.@yopmail.com,2024-10-22 19:29:36.806
479,Madeleine,Critical Care Medicine,.@yopmail.com,2024-10-22 19:29:36.806
210,Dorene,Nephrology,.@yopmail.com,2024-10-22 19:29:36.806
852,Dennie,Obstetric Anesthesiologists,.@yopmail.com,2024-10-22 19:29:36.806
650,Genevra,Oncologist,.@yopmail.com,2024-10-22 19:29:36.806
600,Philis,Internists,.@yopmail.com,2024-10-22 19:29:36.806
678,Dania,Infectious disease,.@yopmail.com,2024-10-22 19:29:36.806
704,Sybille,Infectious disease,.@yopmail.com,2024-10-22 19:29:36.806
363,Joleen,Gastroenterology,.@yopmail.com,2024-10-22 19:29:36.806
854,Talya,Emergency Medicine,.@yopmail.com,2024-10-22 19:29:36.806
586,Desirae,Gastroenterology,.@yopmail.com,2024-10-22 19:29:36.806
198,Tilly,Cardiology,.@yopmail.com,2024-10-22 19:29:36.806
990,Vanessa,Gastroenterology,.@yopmail.com,2024-10-22 19:29:36.806
975,Hettie,Allergists,.@yopmail.com,2024-10-22 19:29:36.806
439,Daune,Ophthalmology,.@yopmail.com,2024-10-22 19:29:36.806
332,Valli,Radiology,.@yopmail.com,2024-10-22 19:29:36.806
869,Aili,Otolaryngologists,.@yopmail.com,2024-10-22 19:29:36.806
282,Cherilyn,Oncologist,.@yopmail.com,2024-10-22 19:29:36.806
149,Krystle,Obstetric Anesthesiologists,.@yopmail.com,2024-10-22 19:29:36.806
924,Andeee,Ophthalmology,.@yopmail.com,2024-10-22 19:29:36.806
124,Steffane,Nephrology,.@yopmail.com,2024-10-22 19:29:36.806
644,Corina,Nephrology,.@yopmail.com,2024-10-22 19:29:36.806
769,Corry,Geriatrician,.@yopmail.com,2024-10-22 19:29:36.806
638,Flo,Radiology,.@yopmail.com,2024-10-22 19:29:36.806
105,Lynea,Emergency Medicine,.@yopmail.com,2024-10-22 19:29:36.806
787,Taffy,Otolaryngologists,.@yopmail.com,2024-10-22 19:29:36.806
632,Melina,Emergency Medicine,.@yopmail.com,2024-10-22 19:29:36.806
794,Henriette,Cardiology,.@yopmail.com,2024-10-22 19:29:36.806
652,Jessy,Oncologist,.@yopmail.com,2024-10-22 19:29:36.806
161,Jolyn,Gastroenterology,.@yopmail.com,2024-10-22 19:29:36.806
539,Gianina,Obstetric Anesthesiologists,.@yopmail.com,2024-10-22 19:29:36.806
821,Farrah,Geriatrician,.@yopmail.com,2024-10-22 19:29:36.806
226,Minda,Obstetric Anesthesiologists,.@yopmail.com,2024-10-22 19:29:36.806
731,Joane,Neurology,.@yopmail.com,2024-10-22 19:29:36.806
218,Carree,Geriatrician,.@yopmail.com,2024-10-22 19:29:36.806
419,Livvyy,Infectious disease,.@yopmail.com,2024-10-22 19:29:36.806
457,Siana,Oncologist,.@yopmail.com,2024-10-22 19:29:36.806
327,Heddie,Psychiatry,.@yopmail.com,2024-10-22 19:29:36.806
749,Charlena,Critical Care Medicine,.@yopmail.com,2024-10-22 19:29:36.806
905,Minne,Dermatology,.@yopmail.com,2024-10-22 19:29:36.806
736,Candi,Oncologist,.@yopmail.com,2024-10-22 19:29:36.806
801,Dominga,Pulmonologists,.@yopmail.com,2024-10-22 19:29:36.806
848,Tina,Otolaryngologists,.@yopmail.com,2024-10-22 19:29:36.806
369,Nannie,Oncologist,.@yopmail.com,2024-10-22 19:29:36.806
714,Nerta,Internists,.@yopmail.com,2024-10-22 19:29:36.806
712,Emmey,Oncologist,.@yopmail.com,2024-10-22 19:29:36.806
598,Fanchon,Pediatrics,.@yopmail.com,2024-10-22 19:29:36.806
668,Jessamyn,Infectious disease,.@yopmail.com,2024-10-22 19:29:36.806
527,Jacquetta,Ophthalmology,.@yopmail.com,2024-10-22 19:29:36.806
826,Rosene,Psychiatry,.@yopmail.com,2024-10-22 19:29:36.806
974,Laure,Radiology,.@yopmail.com,2024-10-22 19:29:36.806
431,Ermengarde,Oncologist,.@yopmail.com,2024-10-22 19:29:36.806
853,Goldie,Ophthalmology,.@yopmail.com,2024-10-22 19:29:36.806
707,Karolina,Internists,.@yopmail.com,2024-10-22 19:29:36.806
538,Gisela,Endocrinologist,.@yopmail.com,2024-10-22 19:29:36.806
866,Cathyleen,Emergency Medicine,.@yopmail.com,2024-10-22 19:29:36.806
133,Adelle,Internists,.@yopmail.com,2024-10-22 19:29:36.806
802,Shirlee,Pulmonologists,.@yopmail.com,2024-10-22 19:29:36.806
881,Carmencita,Psychiatry,.@yopmail.com,2024-10-22 19:29:36.806
335,Romona,Surgery,.@yopmail.com,2024-10-22 19:29:36.806
816,Linet,Gastroenterology,.@yopmail.com,2024-10-22 19:29:36.806
773,Heddie,Family Medicine,.@yopmail.com,2024-10-22 19:29:36.806
247,Nyssa,Internists,.@yopmail.com,2024-10-22 19:29:36.806
715,Doro,Obstetric Anesthesiologists,.@yopmail.com,2024-10-22 19:29:36.806
572,Catrina,Endocrinologist,.@yopmail.com,2024-10-22 19:29:36.806
760,Basia,Allergists,.@yopmail.com,2024-10-22 19:29:36.806
923,Hope,Anesthesiology,.@yopmail.com,2024-10-22 19:29:36.806
504,Averyl,Dermatology,.@yopmail.com,2024-10-22 19:29:36.806
884,Randa,Dermatology,.@yopmail.com,2024-10-22 19:29:36.806
269,Emmey,Endocrinologist,.@yopmail.com,2024-10-22 19:29:36.806
822,Elise,Dermatology,.@yopmail.com,2024-10-22 19:29:36.806
379,Roz,Hospice and Palliative Care,.@yopmail.com,2024-10-22 19:29:36.806
912,Hallie,Pediatrics,.@yopmail.com,2024-10-22 19:29:36.806
189,Max,Family Medicine,.@yopmail.com,2024-10-22 19:29:36.806
810,Wendi,Otolaryngologists,.@yopmail.com,2024-10-22 19:29:36.806
209,Nicoli,Oncologist,.@yopmail.com,2024-10-22 19:29:36.806
506,Annora,Gastroenterology,.@yopmail.com,2024-10-22 19:29:36.806
557,Peri,Internists,.@yopmail.com,2024-10-22 19:29:36.806
806,Melisent,Emergency Medicine,.@yopmail.com,2024-10-22 19:29:36.806
916,Ninnetta,Ophthalmology,.@yopmail.com,2024-10-22 19:29:36.806
113,Rubie,Infectious disease,.@yopmail.com,2024-10-22 19:29:36.806
574,Ronna,Infectious disease,.@yopmail.com,2024-10-22 19:29:36.806
219,Estell,Emergency Medicine,.@yopmail.com,2024-10-22 19:29:36.806
221,Daryl,Surgery,.@yopmail.com,2024-10-22 19:29:36.806
598,Leanna,Internists,.@yopmail.com,2024-10-22 19:29:36.806
566,Nanete,Family Medicine,.@yopmail.com,2024-10-22 19:29:36.806
844,Tybie,Obstetric Anesthesiologists,.@yopmail.com,2024-10-22 19:29:36.806
799,Fina,Pulmonologists,.@yopmail.com,2024-10-22 19:29:36.806
884,Brooks,Oncologist,.@yopmail.com,2024-10-22 19:29:36.806
162,Beth,Geriatrician,.@yopmail.com,2024-10-22 19:29:36.806
728,Minda,Infectious disease,.@yopmail.com,2024-10-22 19:29:36.806
119,Flory,Nephrology,.@yopmail.com,2024-10-22 19:29:36.806
786,Marnia,Psychiatry,.@yopmail.com,2024-10-22 19:29:36.806
569,Elora,Pulmonologists,.@yopmail.com,2024-10-22 19:29:36.806
777,Aimil,Dermatology,.@yopmail.com,2024-10-22 19:29:36.806
708,Mildrid,Infectious disease,.@yopmail.com,2024-10-22 19:29:36.806
819,Nanete,Pediatrics,.@yopmail.com,2024-10-22 19:29:36.806
629,Ada,Pulmonologists,.@yopmail.com,2024-10-22 19:29:36.806
101,Mireielle,Allergists,.@yopmail.com,2024-10-22 19:29:36.806
545,Mariann,Neurology,.@yopmail.com,2024-10-22 19:29:36.806
598,Ernesta,Cardiology,.@yopmail.com,2024-10-22 19:29:36.806
334,Orelia,Gastroenterology,.@yopmail.com,2024-10-22 19:29:36.806
593,Sara-Ann,Pediatrics,.@yopmail.com,2024-10-22 19:29:36.806
634,Ketti,Otolaryngologists,.@yopmail.com,2024-10-22 19:29:36.806
596,Sue,Critical Care Medicine,.@yopmail.com,2024-10-22 19:29:36.806
445,Cyb,Hospice and Palliative Care,.@yopmail.com,2024-10-22 19:29:36.806
498,Carmela,Family Medicine,.@yopmail.com,2024-10-22 19:29:36.806
361,Sashenka,Pediatrics,.@yopmail.com,2024-10-22 19:29:36.806
560,Letizia,Infectious disease,.@yopmail.com,2024-10-22 19:29:36.806
994,Cristabel,Oncologist,.@yopmail.com,2024-10-22 19:29:36.806
252,Quintina,Anesthesiology,.@yopmail.com,2024-10-22 19:29:36.806
723,Katleen,Nephrology,.@yopmail.com,2024-10-22 19:29:36.806
181,Britte,Pulmonologists,.@yopmail.com,2024-10-22 19:29:36.806
830,Julieta,Allergists,.@yopmail.com,2024-10-22 19:29:36.806
689,Juliane,Nephrology,.@yopmail.com,2024-10-22 19:29:36.806
133,Cyndie,Pediatrics,.@yopmail.com,2024-10-22 19:29:36.806
785,Gertrud,Hospice and Palliative Care,.@yopmail.com,2024-10-22 19:29:36.806
761,Jobi,Surgery,.@yopmail.com,2024-10-22 19:29:36.806
194,Florie,Surgery,.@yopmail.com,2024-10-22 19:29:36.806
534,Genovera,Psychiatry,.@yopmail.com,2024-10-22 19:29:36.806
515,Chickie,Cardiology,.@yopmail.com,2024-10-22 19:29:36.806
974,Robbi,Allergists,.@yopmail.com,2024-10-22 19:29:36.806
388,Danika,Ophthalmology,.@yopmail.com,2024-10-22 19:29:36.806
450,Evita,Family Medicine,.@yopmail.com,2024-10-22 19:29:36.806
738,Hollie,Cardiology,.@yopmail.com,2024-10-22 19:29:36.806
399,Madeleine,Anesthesiology,.@yopmail.com,2024-10-22 19:29:36.806
274,Fawne,Ophthalmology,.@yopmail.com,2024-10-22 19:29:36.806
902,Tressa,Geriatrician,.@yopmail.com,2024-10-22 19:29:36.806
312,Kimmy,Gastroenterology,.@yopmail.com,2024-10-22 19:29:36.806
672,Gerianna,Neurology,.@yopmail.com,2024-10-22 19:29:36.806
827,Lanae,Obstetric Anesthesiologists,.@yopmail.com,2024-10-22 19:29:36.806
975,Netty,Obstetric Anesthesiologists,.@yopmail.com,2024-10-22 19:29:36.806
171,Meriel,Radiology,.@yopmail.com,2024-10-22 19:29:36.806
184,Clementine,Cardiology,.@yopmail.com,2024-10-22 19:29:36.806
335,Leeanne,Radiology,.@yopmail.com,2024-10-22 19:29:36.806
502,Nikki,Oncologist,.@yopmail.com,2024-10-22 19:29:36.806
878,Ann-Marie,Dermatology,.@yopmail.com,2024-10-22 19:29:36.806
499,Talya,Radiology,.@yopmail.com,2024-10-22 19:29:36.806
822,Addia,Nephrology,.@yopmail.com,2024-10-22 19:29:36.806
885,Loree,Critical Care Medicine,.@yopmail.com,2024-10-22 19:29:36.806
448,Laurene,Ophthalmology,.@yopmail.com,2024-10-22 19:29:36.806
338,Sashenka,Pediatrics,.@yopmail.com,2024-10-22 19:29:36.806
124,Quintina,Anesthesiology,.@yopmail.com,2024-10-22 19:29:36.806
936,Carolina,Neurology,.@yopmail.com,2024-10-22 19:29:36.806
204,Dyann,Cardiology,.@yopmail.com,2024-10-22 19:29:36.806
820,Christal,Neurology,.@yopmail.com,2024-10-22 19:29:36.806
173,Charissa,Oncologist,.@yopmail.com,2024-10-22 19:29:36.806
222,Zia,Family Medicine,.@yopmail.com,2024-10-22 19:29:36.806
398,Misha,Pediatrics,.@yopmail.com,2024-10-22 19:29:36.806
189,Margette,Cardiology,.@yopmail.com,2024-10-22 19:29:36.806
680,Marinna,Ophthalmology,.@yopmail.com,2024-10-22 19:29:36.806
100,Jinny,Surgery,.@yopmail.com,2024-10-22 19:29:36.806
859,Tomasina,Psychiatry,.@yopmail.com,2024-10-22 19:29:36.806
952,Ingrid,Psychiatry,.@yopmail.com,2024-10-22 19:29:36.806
249,Nataline,Family Medicine,.@yopmail.com,2024-10-22 19:29:36.806
461,Mady,Family Medicine,.@yopmail.com,2024-10-22 19:29:36.806
940,Harmonia,Emergency Medicine,.@yopmail.com,2024-10-22 19:29:36.806
420,Anestassia,Family Medicine,.@yopmail.com,2024-10-22 19:29:36.806
560,Marylou,Oncologist,.@yopmail.com,2024-10-22 19:29:36.806
628,Shell,Critical Care Medicine,.@yopmail.com,2024-10-22 19:29:36.806
967,Katuscha,Dermatology,.@yopmail.com,2024-10-22 19:29:36.806
594,Gilda,Dermatology,.@yopmail.com,2024-10-22 19:29:36.806
638,Joeann,Radiology,.@yopmail.com,2024-10-22 19:29:36.806
672,Charissa,Hospice and Palliative Care,.@yopmail.com,2024-10-22 19:29:36.806
596,Dede,Nephrology,.@yopmail.com,2024-10-22 19:29:36.806
470,Cherrita,Neurology,.@yopmail.com,2024-10-22 19:29:36.806
856,Briney,Obstetric Anesthesiologists,.@yopmail.com,2024-10-22 19:29:36.806
863,Dione,Gastroenterology,.@yopmail.com,2024-10-22 19:29:36.806
657,Ebonee,Anesthesiology,.@yopmail.com,2024-10-22 19:29:36.806
933,Monika,Infectious disease,.@yopmail.com,2024-10-22 19:29:36.806
495,Kirbee,Allergists,.@yopmail.com,2024-10-22 19:29:36.806
377,Marsiella,Critical Care Medicine,.@yopmail.com,2024-10-22 19:29:36.806
890,Vivia,Geriatrician,.@yopmail.com,2024-10-22 19:29:36.806
598,Frank,Obstetric Anesthesiologists,.@yopmail.com,2024-10-22 19:29:36.806
866,Sam,Obstetric Anesthesiologists,.@yopmail.com,2024-10-22 19:29:36.806
145,Kerrin,Geriatrician,.@yopmail.com,2024-10-22 19:29:36.806
883,Maurene,Ophthalmology,.@yopmail.com,2024-10-22 19:29:36.806
272,Cyb,Ophthalmology,.@yopmail.com,2024-10-22 19:29:36.806
617,Cyndie,Allergists,.@yopmail.com,2024-10-22 19:29:36.806
338,Ardeen,Pulmonologists,.@yopmail.com,2024-10-22 19:29:36.806
662,Nadine,Pediatrics,.@yopmail.com,2024-10-22 19:29:36.806
955,Karly,Psychiatry,.@yopmail.com,2024-10-22 19:29:36.806
157,Quintina,Oncologist,.@yopmail.com,2024-10-22 19:29:36.806
358,Gerrie,Otolaryngologists,.@yopmail.com,2024-10-22 19:29:36.806
547,Yolane,Emergency Medicine,.@yopmail.com,2024-10-22 19:29:36.806
398,Paule,Family Medicine,.@yopmail.com,2024-10-22 19:29:36.806
942,Ada,Ophthalmology,.@yopmail.com,2024-10-22 19:29:36.806
939,Sissy,Pediatrics,.@yopmail.com,2024-10-22 19:29:36.806
135,Gilligan,Surgery,.@yopmail.com,2024-10-22 19:29:36.806
485,Emylee,Critical Care Medicine,.@yopmail.com,2024-10-22 19:29:36.806
477,Ekaterina,Infectious disease,.@yopmail.com,2024-10-22 19:29:36.806
899,Tiffie,Endocrinologist,.@yopmail.com,2024-10-22 19:29:36.806
618,Laurene,Ophthalmology,.@yopmail.com,2024-10-22 19:29:36.806
221,Zia,Emergency Medicine,.@yopmail.com,2024-10-22 19:29:36.806
370,Liana,Gastroenterology,.@yopmail.com,2024-10-22 19:29:36.806
935,Dyann,Hospice and Palliative Care,.@yopmail.com,2024-10-22 19:29:36.806
141,Dennie,Internists,.@yopmail.com,2024-10-22 19:29:36.806
968,Kathy,Pediatrics,.@yopmail.com,2024-10-22 19:29:36.806
605,Shauna,Surgery,.@yopmail.com,2024-10-22 19:29:36.806
669,Fredericka,Surgery,.@yopmail.com,2024-10-22 19:29:36.806
494,Mildrid,Geriatrician,.@yopmail.com,2024-10-22 19:29:36.806
944,Elena,Allergists,.@yopmail.com,2024-10-22 19:29:36.806
319,Betta,Anesthesiology,.@yopmail.com,2024-10-22 19:29:36.806
757,Gwyneth,Neurology,.@yopmail.com,2024-10-22 19:29:36.806
254,Moyna,Cardiology,.@yopmail.com,2024-10-22 19:29:36.806
560,Zsa Zsa,Ophthalmology,.@yopmail.com,2024-10-22 19:29:36.806
269,Kate,Pulmonologists,.@yopmail.com,2024-10-22 19:29:36.806
255,Harmonia,Nephrology,.@yopmail.com,2024-10-22 19:29:36.806
618,Hayley,Pediatrics,.@yopmail.com,2024-10-22 19:29:36.806
847,Nita,Gastroenterology,.@yopmail.com,2024-10-22 19:29:36.806
826,Kylynn,Allergists,.@yopmail.com,2024-10-22 19:29:36.806
139,Aurelie,Surgery,.@yopmail.com,2024-10-22 19:29:36.806
378,Wanda,Ophthalmology,.@yopmail.com,2024-10-22 19:29:36.806
728,Doralynne,Hospice and Palliative Care,.@yopmail.com,2024-10-22 19:29:36.806
400,Moyna,Critical Care Medicine,.@yopmail.com,2024-10-22 19:29:36.806
138,Rosaline,Pulmonologists,.@yopmail.com,2024-10-22 19:29:36.806
678,Dacia,Endocrinologist,.@yopmail.com,2024-10-22 19:29:36.806
745,Kaia,Ophthalmology,.@yopmail.com,2024-10-22 19:29:36.806
136,Veda,Ophthalmology,.@yopmail.com,2024-10-22 19:29:36.806
768,Giustina,Gastroenterology,.@yopmail.com,2024-10-22 19:29:36.806
767,Joeann,Obstetric Anesthesiologists,.@yopmail.com,2024-10-22 19:29:36.806
675,Brietta,Pediatrics,.@yopmail.com,2024-10-22 19:29:36.806
898,Georgetta,Internists,.@yopmail.com,2024-10-22 19:29:36.806
733,Teriann,Hospice and Palliative Care,.@yopmail.com,2024-10-22 19:29:36.806
816,Shaine,Anesthesiology,.@yopmail.com,2024-10-22 19:29:36.806
949,Gilligan,Gastroenterology,.@yopmail.com,2024-10-22 19:29:36.806
978,Lila,Family Medicine,.@yopmail.com,2024-10-22 19:29:36.806
943,Doro,Obstetric Anesthesiologists,.@yopmail.com,2024-10-22 19:29:36.806
238,Patricia,Family Medicine,.@yopmail.com,2024-10-22 19:29:36.806
680,Adore,Neurology,.@yopmail.com,2024-10-22 19:29:36.806
355,Romona,Pediatrics,.@yopmail.com,2024-10-22 19:29:36.806
155,Alleen,Pulmonologists,.@yopmail.com,2024-10-22 19:29:36.806
521,Aeriela,Gastroenterology,.@yopmail.com,2024-10-22 19:29:36.806
368,Rhea,Endocrinologist,.@yopmail.com,2024-10-22 19:29:36.806
816,Zia,Dermatology,.@yopmail.com,2024-10-22 19:29:36.806
239,Frieda,Internists,.@yopmail.com,2024-10-22 19:29:36.806
691,Andeee,Endocrinologist,.@yopmail.com,2024-10-22 19:29:36.806
452,Rozele,Critical Care Medicine,.@yopmail.com,2024-10-22 19:29:36.806
296,Brandise,Cardiology,.@yopmail.com,2024-10-22 19:29:36.806
287,Ida,Infectious disease,.@yopmail.com,2024-10-22 19:29:36.806
534,Carlie,Ophthalmology,.@yopmail.com,2024-10-22 19:29:36.806
877,Vevay,Emergency Medicine,.@yopmail.com,2024-10-22 19:29:36.806
964,Emelina,Critical Care Medicine,.@yopmail.com,2024-10-22 19:29:36.806
760,Willetta,Gastroenterology,.@yopmail.com,2024-10-22 19:29:36.806
519,Aaren,Critical Care Medicine,.@yopmail.com,2024-10-22 19:29:36.806
827,Nonnah,Hospice and Palliative Care,.@yopmail.com,2024-10-22 19:29:36.806
967,Jobi,Gastroenterology,.@yopmail.com,2024-10-22 19:29:36.806
694,Tami,Allergists,.@yopmail.com,2024-10-22 19:29:36.806
161,Shel,Hospice and Palliative Care,.@yopmail.com,2024-10-22 19:29:36.806
466,Hildegaard,Surgery,.@yopmail.com,2024-10-22 19:29:36.806
247,Laurene,Oncologist,.@yopmail.com,2024-10-22 19:29:36.806
362,Viviene,Gastroenterology,.@yopmail.com,2024-10-22 19:29:36.806
725,Kary,Internists,.@yopmail.com,2024-10-22 19:29:36.806
663,Maisey,Obstetric Anesthesiologists,.@yopmail.com,2024-10-22 19:29:36.806
126,Marleah,Gastroenterology,.@yopmail.com,2024-10-22 19:29:36.806
926,Sashenka,Radiology,.@yopmail.com,2024-10-22 19:29:36.806
587,Starla,Neurology,.@yopmail.com,2024-10-22 19:29:36.806
593,Karena,Neurology,.@yopmail.com,2024-10-22 19:29:36.806
265,Joelly,Ophthalmology,.@yopmail.com,2024-10-22 19:29:36.806
868,Livvyy,Cardiology,.@yopmail.com,2024-10-22 19:29:36.806
228,Dagmar,Internists,.@yopmail.com,2024-10-22 19:29:36.806
651,Emelina,Family Medicine,.@yopmail.com,2024-10-22 19:29:36.806
459,Jenilee,Internists,.@yopmail.com,2024-10-22 19:29:36.806
977,June,Emergency Medicine,.@yopmail.com,2024-10-22 19:29:36.806
800,Hermione,Radiology,.@yopmail.com,2024-10-22 19:29:36.806
887,Marita,Infectious disease,.@yopmail.com,2024-10-22 19:29:36.806
442,Randa,Dermatology,.@yopmail.com,2024-10-22 19:29:36.806
626,Glynnis,Infectious disease,.@yopmail.com,2024-10-22 19:29:36.806
256,Carlie,Dermatology,.@yopmail.com,2024-10-22 19:29:36.806
861,Cyndie,Dermatology,.@yopmail.com,2024-10-22 19:29:36.806
651,Lolita,Family Medicine,.@yopmail.com,2024-10-22 19:29:36.806
808,Agnese,Gastroenterology,.@yopmail.com,2024-10-22 19:29:36.806
397,Merry,Internists,.@yopmail.com,2024-10-22 19:29:36.806
913,Kelly,Ophthalmology,.@yopmail.com,2024-10-22 19:29:36.806
652,Marguerite,Gastroenterology,.@yopmail.com,2024-10-22 19:29:36.806
937,Robinia,Cardiology,.@yopmail.com,2024-10-22 19:29:36.806
858,Jolyn,Infectious disease,.@yopmail.com,2024-10-22 19:29:36.806
383,Catrina,Pulmonologists,.@yopmail.com,2024-10-22 19:29:36.806
738,Emilia,Pediatrics,.@yopmail.com,2024-10-22 19:29:36.806
792,Leanna,Anesthesiology,.@yopmail.com,2024-10-22 19:29:36.806
542,Sandie,Infectious disease,.@yopmail.com,2024-10-22 19:29:36.806
131,Ana,Allergists,.@yopmail.com,2024-10-22 19:29:36.806
475,Mariele,Anesthesiology,.@yopmail.com,2024-10-22 19:29:36.806
245,Margalo,Infectious disease,.@yopmail.com,2024-10-22 19:29:36.806
978,Albertina,Emergency Medicine,.@yopmail.com,2024-10-22 19:29:36.806
389,Max,Infectious disease,.@yopmail.com,2024-10-22 19:29:36.806
556,Wileen,Surgery,.@yopmail.com,2024-10-22 19:29:36.806
141,Harrietta,Anesthesiology,.@yopmail.com,2024-10-22 19:29:36.806
849,Florie,Family Medicine,.@yopmail.com,2024-10-22 19:29:36.806
183,Janenna,Radiology,.@yopmail.com,2024-10-22 19:29:36.806
261,Kylynn,Gastroenterology,.@yopmail.com,2024-10-22 19:29:36.806
154,Leanna,Pulmonologists,.@yopmail.com,2024-10-22 19:29:36.806
886,Lanna,Neurology,.@yopmail.com,2024-10-22 19:29:36.806
340,Sheelagh,Infectious disease,.@yopmail.com,2024-10-22 19:29:36.806
551,Morganica,Allergists,.@yopmail.com,2024-10-22 19:29:36.806
879,Minda,Internists,.@yopmail.com,2024-10-22 19:29:36.806
564,Mahalia,Allergists,.@yopmail.com,2024-10-22 19:29:36.806
807,Nollie,Anesthesiology,.@yopmail.com,2024-10-22 19:29:36.806
825,Roberta,Obstetric Anesthesiologists,.@yopmail.com,2024-10-22 19:29:36.806
106,Constance,Geriatrician,.@yopmail.com,2024-10-22 19:29:36.806
223,Konstance,Gastroenterology,.@yopmail.com,2024-10-22 19:29:36.806
181,Nessie,Neurology,.@yopmail.com,2024-10-22 19:29:36.806
534,Marnia,Anesthesiology,.@yopmail.com,2024-10-22 19:29:36.806
935,Netty,Anesthesiology,.@yopmail.com,2024-10-22 19:29:36.806
612,Tori,Oncologist,.@yopmail.com,2024-10-22 19:29:36.806
746,Gusty,Radiology,.@yopmail.com,2024-10-22 19:29:36.806
831,Kristina,Internists,.@yopmail.com,2024-10-22 19:29:36.806
947,Carolina,Pulmonologists,.@yopmail.com,2024-10-22 19:29:36.806
427,Jeanna,Obstetric Anesthesiologists,.@yopmail.com,2024-10-22 19:29:36.806
276,Aubrie,Neurology,.@yopmail.com,2024-10-22 19:29:36.806
352,Ellette,Internists,.@yopmail.com,2024-10-22 19:29:36.806
880,Imojean,Infectious disease,.@yopmail.com,2024-10-22 19:29:36.806
532,Mureil,Infectious disease,.@yopmail.com,2024-10-22 19:29:36.806
448,Lita,Ophthalmology,.@yopmail.com,2024-10-22 19:29:36.806
949,Lesly,Ophthalmology,.@yopmail.com,2024-10-22 19:29:36.806
926,Jenda,Family Medicine,.@yopmail.com,2024-10-22 19:29:36.806
805,Magdalena,Obstetric Anesthesiologists,.@yopmail.com,2024-10-22 19:29:36.806
147,Shaylyn,Ophthalmology,.@yopmail.com,2024-10-22 19:29:36.806
845,Jaclyn,Otolaryngologists,.@yopmail.com,2024-10-22 19:29:36.806
999,Wynne,Infectious disease,.@yopmail.com,2024-10-22 19:29:36.806
512,Arlina,Pediatrics,.@yopmail.com,2024-10-22 19:29:36.806
460,Tani,Emergency Medicine,.@yopmail.com,2024-10-22 19:29:36.806
383,Dyann,Radiology,.@yopmail.com,2024-10-22 19:29:36.806
828,Sheree,Neurology,.@yopmail.com,2024-10-22 19:29:36.806
820,Michaelina,Neurology,.@yopmail.com,2024-10-22 19:29:36.806
179,Petronia,Anesthesiology,.@yopmail.com,2024-10-22 19:29:36.806
445,Margarette,Psychiatry,.@yopmail.com,2024-10-22 19:29:36.806
377,Laurene,Pulmonologists,.@yopmail.com,2024-10-22 19:29:36.806
750,Dode,Obstetric Anesthesiologists,.@yopmail.com,2024-10-22 19:29:36.806
705,Dominga,Critical Care Medicine,.@yopmail.com,2024-10-22 19:29:36.806
124,Max,Otolaryngologists,.@yopmail.com,2024-10-22 19:29:36.806
247,Ursulina,Nephrology,.@yopmail.com,2024-10-22 19:29:36.806
522,Asia,Dermatology,.@yopmail.com,2024-10-22 19:29:36.806
115,Ronna,Endocrinologist,.@yopmail.com,2024-10-22 19:29:36.806
229,Krystle,Nephrology,.@yopmail.com,2024-10-22 19:29:36.806
118,Vanessa,Otolaryngologists,.@yopmail.com,2024-10-22 19:29:36.806
435,Randa,Critical Care Medicine,.@yopmail.com,2024-10-22 19:29:36.806
814,Rani,Gastroenterology,.@yopmail.com,2024-10-22 19:29:36.806
775,Tera,Dermatology,.@yopmail.com,2024-10-22 19:29:36.806
463,Edith,Psychiatry,.@yopmail.com,2024-10-22 19:29:36.806
345,Dorthy,Pediatrics,.@yopmail.com,2024-10-22 19:29:36.806
573,Gerianna,Pulmonologists,.@yopmail.com,2024-10-22 19:29:36.806
920,Carilyn,Allergists,.@yopmail.com,2024-10-22 19:29:36.806
281,Zondra,Radiology,.@yopmail.com,2024-10-22 19:29:36.806
136,Nita,Geriatrician,.@yopmail.com,2024-10-22 19:29:36.806
857,Bobbi,Oncologist,.@yopmail.com,2024-10-22 19:29:36.806
124,Ninnetta,Pulmonologists,.@yopmail.com,2024-10-22 19:29:36.806
930,Lynde,Radiology,.@yopmail.com,2024-10-22 19:29:36.806
217,Vanessa,Internists,.@yopmail.com,2024-10-22 19:29:36.806
408,Pamella,Nephrology,.@yopmail.com,2024-10-22 19:29:36.806
943,Henriette,Endocrinologist,.@yopmail.com,2024-10-22 19:29:36.806
716,Zia,Ophthalmology,.@yopmail.com,2024-10-22 19:29:36.806
769,Blondelle,Endocrinologist,.@yopmail.com,2024-10-22 19:29:36.806
747,Mureil,Endocrinologist,.@yopmail.com,2024-10-22 19:29:36.806
742,Gui,Allergists,.@yopmail.com,2024-10-22 19:29:36.806
560,Riannon,Allergists,.@yopmail.com,2024-10-22 19:29:36.806
683,Nerta,Ophthalmology,.@yopmail.com,2024-10-22 19:29:36.806
288,Tierney,Cardiology,.@yopmail.com,2024-10-22 19:29:36.806
486,Janis,Nephrology,.@yopmail.com,2024-10-22 19:29:36.806
779,Nerta,Gastroenterology,.@yopmail.com,2024-10-22 19:29:36.806
488,Rosanne,Geriatrician,.@yopmail.com,2024-10-22 19:29:36.806
558,Adriana,Ophthalmology,.@yopmail.com,2024-10-22 19:29:36.806
126,Fernande,Ophthalmology,.@yopmail.com,2024-10-22 19:29:36.806
486,Josephine,Emergency Medicine,.@yopmail.com,2024-10-22 19:29:36.806
108,Addia,Surgery,.@yopmail.com,2024-10-22 19:29:36.806
500,Verla,Emergency Medicine,.@yopmail.com,2024-10-22 19:29:36.806
191,Britte,Neurology,.@yopmail.com,2024-10-22 19:29:36.806
265,Sophia,Nephrology,.@yopmail.com,2024-10-22 19:29:36.806
236,Glenda,Neurology,.@yopmail.com,2024-10-22 19:29:36.806
639,Arabel,Pediatrics,.@yopmail.com,2024-10-22 19:29:36.806
804,Rivalee,Nephrology,.@yopmail.com,2024-10-22 19:29:36.806
365,Ricky,Infectious disease,.@yopmail.com,2024-10-22 19:29:36.806
764,Lolita,Nephrology,.@yopmail.com,2024-10-22 19:29:36.806
519,Sarette,Neurology,.@yopmail.com,2024-10-22 19:29:36.806
954,Grier,Allergists,.@yopmail.com,2024-10-22 19:29:36.806
828,Roxane,Allergists,.@yopmail.com,2024-10-22 19:29:36.806
581,Myriam,Cardiology,.@yopmail.com,2024-10-22 19:29:36.806
903,Lindie,Emergency Medicine,.@yopmail.com,2024-10-22 19:29:36.806
173,Bobinette,Oncologist,.@yopmail.com,2024-10-22 19:29:36.806
831,Calla,Hospice and Palliative Care,.@yopmail.com,2024-10-22 19:29:36.806
596,Estell,Geriatrician,.@yopmail.com,2024-10-22 19:29:36.806
971,Moyna,Infectious disease,.@yopmail.com,2024-10-22 19:29:36.806
197,Ofilia,Pulmonologists,.@yopmail.com,2024-10-22 19:29:36.806
386,Selia,Dermatology,.@yopmail.com,2024-10-22 19:29:36.806
838,Michaelina,Dermatology,.@yopmail.com,2024-10-22 19:29:36.806
319,Shel,Ophthalmology,.@yopmail.com,2024-10-22 19:29:36.806
214,Gretal,Neurology,.@yopmail.com,2024-10-22 19:29:36.806
790,Cacilie,Family Medicine,.@yopmail.com,2024-10-22 19:29:36.806
365,Nita,Family Medicine,.@yopmail.com,2024-10-22 19:29:36.806
936,Isa,Obstetric Anesthesiologists,.@yopmail.com,2024-10-22 19:29:36.806
745,Verla,Neurology,.@yopmail.com,2024-10-22 19:29:36.806
734,Dotty,Cardiology,.@yopmail.com,2024-10-22 19:29:36.806
349,Ofilia,Endocrinologist,.@yopmail.com,2024-10-22 19:29:36.806
285,Gabriellia,Internists,.@yopmail.com,2024-10-22 19:29:36.806
612,Candi,Dermatology,.@yopmail.com,2024-10-22 19:29:36.806
516,Corene,Oncologist,.@yopmail.com,2024-10-22 19:29:36.806
162,Tiffie,Otolaryngologists,.@yopmail.com,2024-10-22 19:29:36.806
405,Correy,Internists,.@yopmail.com,2024-10-22 19:29:36.806
692,Giustina,Radiology,.@yopmail.com,2024-10-22 19:29:36.806
814,Lorie,Ophthalmology,.@yopmail.com,2024-10-22 19:29:36.806
423,Adore,Anesthesiology,.@yopmail.com,2024-10-22 19:29:36.806
226,Cyndie,Cardiology,.@yopmail.com,2024-10-22 19:29:36.806
752,Glenda,Allergists,.@yopmail.com,2024-10-22 19:29:36.806
266,Tera,Pulmonologists,.@yopmail.com,2024-10-22 19:29:36.806
664,Emma,Psychiatry,.@yopmail.com,2024-10-22 19:29:36.806
892,Ricky,Obstetric Anesthesiologists,.@yopmail.com,2024-10-22 19:29:36.806
681,Addia,Obstetric Anesthesiologists,.@yopmail.com,2024-10-22 19:29:36.806
354,Tersina,Neurology,.@yopmail.com,2024-10-22 19:29:36.806
341,Camile,Oncologist,.@yopmail.com,2024-10-22 19:29:36.806
353,Flory,Allergists,.@yopmail.com,2024-10-22 19:29:36.806
789,Karena,Pulmonologists,.@yopmail.com,2024-10-22 19:29:36.806
563,Chere,Geriatrician,.@yopmail.com,2024-10-22 19:29:36.806
687,Juliane,Dermatology,.@yopmail.com,2024-10-22 19:29:36.806
786,Claresta,Oncologist,.@yopmail.com,2024-10-22 19:29:36.806
785,Jaime,Endocrinologist,.@yopmail.com,2024-10-22 19:29:36.806
746,Jinny,Infectious disease,.@yopmail.com,2024-10-22 19:29:36.806
860,Ericka,Critical Care Medicine,.@yopmail.com,2024-10-22 19:29:36.806
742,Maud,Allergists,.@yopmail.com,2024-10-22 19:29:36.806
712,Liana,Internists,.@yopmail.com,2024-10-22 19:29:36.806
556,Stacey,Anesthesiology,.@yopmail.com,2024-10-22 19:29:36.806
352,Lacie,Internists,.@yopmail.com,2024-10-22 19:29:36.806
117,Rhea,Anesthesiology,.@yopmail.com,2024-10-22 19:29:36.806
143,Rebeca,Critical Care Medicine,.@yopmail.com,2024-10-22 19:29:36.806
371,Maridel,Allergists,.@yopmail.com,2024-10-22 19:29:36.806
480,Leontine,Infectious disease,.@yopmail.com,2024-10-22 19:29:36.806
237,Suzette,Cardiology,.@yopmail.com,2024-10-22 19:29:36.806
971,Lanna,Internists,.@yopmail.com,2024-10-22 19:29:36.806
163,Nataline,Emergency Medicine,.@yopmail.com,2024-10-22 19:29:36.806
495,Annora,Radiology,.@yopmail.com,2024-10-22 19:29:36.806
845,Sheelagh,Ophthalmology,.@yopmail.com,2024-10-22 19:29:36.806
946,Zsa Zsa,Oncologist,.@yopmail.com,2024-10-22 19:29:36.806
932,Ira,Otolaryngologists,.@yopmail.com,2024-10-22 19:29:36.806
140,Mureil,Surgery,.@yopmail.com,2024-10-22 19:29:36.806
147,Gusella,Neurology,.@yopmail.com,2024-10-22 19:29:36.806
665,Ricky,Anesthesiology,.@yopmail.com,2024-10-22 19:29:36.806
920,Catrina,Hospice and Palliative Care,.@yopmail.com,2024-10-22 19:29:36.806
951,Priscilla,Obstetric Anesthesiologists,.@yopmail.com,2024-10-22 19:29:36.806
691,Wynne,Psychiatry,.@yopmail.com,2024-10-22 19:29:36.806
914,Ronna,Pediatrics,.@yopmail.com,2024-10-22 19:29:36.806
993,Sadie,Oncologist,.@yopmail.com,2024-10-22 19:29:36.806
948,Kirstin,Surgery,.@yopmail.com,2024-10-22 19:29:36.806
245,Jerry,Critical Care Medicine,.@yopmail.com,2024-10-22 19:29:36.806
355,Latisha,Pediatrics,.@yopmail.com,2024-10-22 19:29:36.806
207,Rayna,Otolaryngologists,.@yopmail.com,2024-10-22 19:29:36.806
755,Alejandra,Internists,.@yopmail.com,2024-10-22 19:29:36.806
521,Frank,Internists,.@yopmail.com,2024-10-22 19:29:36.806
425,Amara,Psychiatry,.@yopmail.com,2024-10-22 19:29:36.806
959,Sharai,Geriatrician,.@yopmail.com,2024-10-22 19:29:36.806
805,Evita,Surgery,.@yopmail.com,2024-10-22 19:29:36.806
744,Lolita,Obstetric Anesthesiologists,.@yopmail.com,2024-10-22 19:29:36.806
243,Edith,Surgery,.@yopmail.com,2024-10-22 19:29:36.806
321,Gloria,Endocrinologist,.@yopmail.com,2024-10-22 19:29:36.806
688,Orsola,Pediatrics,.@yopmail.com,2024-10-22 19:29:36.806
113,Berta,Radiology,.@yopmail.com,2024-10-22 19:29:36.806
597,Marti,Geriatrician,.@yopmail.com,2024-10-22 19:29:36.806
925,Hyacinthe,Allergists,.@yopmail.com,2024-10-22 19:29:36.806
909,Jean,Endocrinologist,.@yopmail.com,2024-10-22 19:29:36.806
895,Kary,Radiology,.@yopmail.com,2024-10-22 19:29:36.806
532,Nickie,Surgery,.@yopmail.com,2024-10-22 19:29:36.806
405,Charmaine,Obstetric Anesthesiologists,.@yopmail.com,2024-10-22 19:29:36.806
760,Tersina,Pediatrics,.@yopmail.com,2024-10-22 19:29:36.806
186,Sidoney,Radiology,.@yopmail.com,2024-10-22 19:29:36.806
487,Sidoney,Otolaryngologists,.@yopmail.com,2024-10-22 19:29:36.806
786,Hettie,Oncologist,.@yopmail.com,2024-10-22 19:29:36.806
267,Demetris,Emergency Medicine,.@yopmail.com,2024-10-22 19:29:36.806
617,Nelle,Endocrinologist,.@yopmail.com,2024-10-22 19:29:36.806
444,Daryl,Internists,.@yopmail.com,2024-10-22 19:29:36.806
533,Agathe,Pulmonologists,.@yopmail.com,2024-10-22 19:29:36.806
566,Halette,Dermatology,.@yopmail.com,2024-10-22 19:29:36.806
497,Tierney,Ophthalmology,.@yopmail.com,2024-10-22 19:29:36.806
300,Roxane,Endocrinologist,.@yopmail.com,2024-10-22 19:29:36.806
362,Gavrielle,Endocrinologist,.@yopmail.com,2024-10-22 19:29:36.806
453,Evaleen,Obstetric Anesthesiologists,.@yopmail.com,2024-10-22 19:29:36.806
491,Sara-Ann,Otolaryngologists,.@yopmail.com,2024-10-22 19:29:36.806
749,Liana,Otolaryngologists,.@yopmail.com,2024-10-22 19:29:36.806
231,Ida,Family Medicine,.@yopmail.com,2024-10-22 19:29:36.806
851,Bertine,Infectious disease,.@yopmail.com,2024-10-22 19:29:36.806
927,Ezmeralda,Neurology,.@yopmail.com,2024-10-22 19:29:36.806
510,Ada,Surgery,.@yopmail.com,2024-10-22 19:29:36.806
993,Sam,Hospice and Palliative Care,.@yopmail.com,2024-10-22 19:29:36.806
636,Chrystel,Ophthalmology,.@yopmail.com,2024-10-22 19:29:36.806
1000,Brana,Nephrology,.@yopmail.com,2024-10-22 19:29:36.806
476,Lory,Surgery,.@yopmail.com,2024-10-22 19:29:36.806
481,Carilyn,Dermatology,.@yopmail.com,2024-10-22 19:29:36.806
474,Karly,Endocrinologist,.@yopmail.com,2024-10-22 19:29:36.806
224,Dorene,Emergency Medicine,.@yopmail.com,2024-10-22 19:29:36.806
202,Karlee,Otolaryngologists,.@yopmail.com,2024-10-22 19:29:36.806
603,Annora,Cardiology,.@yopmail.com,2024-10-22 19:29:36.806
911,Penelopa,Hospice and Palliative Care,.@yopmail.com,2024-10-22 19:29:36.806
763,Vonny,Allergists,.@yopmail.com,2024-10-22 19:29:36.806
347,Jacquetta,Psychiatry,.@yopmail.com,2024-10-22 19:29:36.806
430,Eolanda,Allergists,.@yopmail.com,2024-10-22 19:29:36.806
415,Lacie,Infectious disease,.@yopmail.com,2024-10-22 19:29:36.806
157,Belinda,Gastroenterology,.@yopmail.com,2024-10-22 19:29:36.806
344,Maryellen,Family Medicine,.@yopmail.com,2024-10-22 19:29:36.806
917,Addia,Endocrinologist,.@yopmail.com,2024-10-22 19:29:36.806
964,Roberta,Otolaryngologists,.@yopmail.com,2024-10-22 19:29:36.806
388,Queenie,Anesthesiology,.@yopmail.com,2024-10-22 19:29:36.806
433,Beverley,Anesthesiology,.@yopmail.com,2024-10-22 19:29:36.806
308,Glynnis,Neurology,.@yopmail.com,2024-10-22 19:29:36.806
681,Susan,Internists,.@yopmail.com,2024-10-22 19:29:36.806
661,Darlleen,Cardiology,.@yopmail.com,2024-10-22 19:29:36.806
115,Joeann,Nephrology,.@yopmail.com,2024-10-22 19:29:36.806
878,Cassondra,Endocrinologist,.@yopmail.com,2024-10-22 19:29:36.806
214,Donetta,Emergency Medicine,.@yopmail.com,2024-10-22 19:29:36.806
156,Jinny,Emergency Medicine,.@yopmail.com,2024-10-22 19:29:36.806
242,Blondelle,Gastroenterology,.@yopmail.com,2024-10-22 19:29:36.806
284,Lila,Surgery,.@yopmail.com,2024-10-22 19:29:36.806
915,Jessy,Endocrinologist,.@yopmail.com,2024-10-22 19:29:36.806
309,Sybille,Pediatrics,.@yopmail.com,2024-10-22 19:29:36.806
179,Justinn,Psychiatry,.@yopmail.com,2024-10-22 19:29:36.806
126,Kara-Lynn,Radiology,.@yopmail.com,2024-10-22 19:29:36.806
558,Mariele,Ophthalmology,.@yopmail.com,2024-10-22 19:29:36.806
530,Jeanna,Critical Care Medicine,.@yopmail.com,2024-10-22 19:29:36.806
707,Flo,Oncologist,.@yopmail.com,2024-10-22 19:29:36.806
600,Jsandye,Geriatrician,.@yopmail.com,2024-10-22 19:29:36.806
934,Quintina,Ophthalmology,.@yopmail.com,2024-10-22 19:29:36.806
256,Constance,Dermatology,.@yopmail.com,2024-10-22 19:29:36.806
528,Pierette,Gastroenterology,.@yopmail.com,2024-10-22 19:29:36.806
612,Barbi,Oncologist,.@yopmail.com,2024-10-22 19:29:36.806
638,Molli,Hospice and Palliative Care,.@yopmail.com,2024-10-22 19:29:36.806
944,Jolyn,Internists,.@yopmail.com,2024-10-22 19:29:36.806
443,Renie,Nephrology,.@yopmail.com,2024-10-22 19:29:36.806
953,Andeee,Surgery,.@yopmail.com,2024-10-22 19:29:36.806
227,Magdalena,Surgery,.@yopmail.com,2024-10-22 19:29:36.806
975,Georgetta,Hospice and Palliative Care,.@yopmail.com,2024-10-22 19:29:36.806
117,Lita,Otolaryngologists,.@yopmail.com,2024-10-22 19:29:36.806
416,Fayre,Ophthalmology,.@yopmail.com,2024-10-22 19:29:36.806
955,Nollie,Endocrinologist,.@yopmail.com,2024-10-22 19:29:36.806
923,Lindie,Hospice and Palliative Care,.@yopmail.com,2024-10-22 19:29:36.806
354,Mary,Family Medicine,.@yopmail.com,2024-10-22 19:29:36.806
773,Reeba,Geriatrician,.@yopmail.com,2024-10-22 19:29:36.806
437,Tera,Nephrology,.@yopmail.com,2024-10-22 19:29:36.806
812,Marylou,Internists,.@yopmail.com,2024-10-22 19:29:36.806
976,Netty,Neurology,.@yopmail.com,2024-10-22 19:29:36.806
720,Danny,Otolaryngologists,.@yopmail.com,2024-10-22 19:29:36.806
603,Patricia,Cardiology,.@yopmail.com,2024-10-22 19:29:36.806
418,Danny,Ophthalmology,.@yopmail.com,2024-10-22 19:29:36.806
734,Riannon,Pulmonologists,.@yopmail.com,2024-10-22 19:29:36.806
372,Myrtice,Geriatrician,.@yopmail.com,2024-10-22 19:29:36.806
881,Louella,Anesthesiology,.@yopmail.com,2024-10-22 19:29:36.806
654,Danika,Infectious disease,.@yopmail.com,2024-10-22 19:29:36.806
561,Elka,Infectious disease,.@yopmail.com,2024-10-22 19:29:36.806
900,Norine,Radiology,.@yopmail.com,2024-10-22 19:29:36.806
452,Esmeralda,Psychiatry,.@yopmail.com,2024-10-22 19:29:36.806
849,Ketti,Infectious disease,.@yopmail.com,2024-10-22 19:29:36.806
528,Deirdre,Neurology,.@yopmail.com,2024-10-22 19:29:36.806
450,Rhea,Cardiology,.@yopmail.com,2024-10-22 19:29:36.806
878,Kara-Lynn,Infectious disease,.@yopmail.com,2024-10-22 19:29:36.806
274,Damaris,Neurology,.@yopmail.com,2024-10-22 19:29:36.806
374,Giustina,Nephrology,.@yopmail.com,2024-10-22 19:29:36.806
619,Shannah,Allergists,.@yopmail.com,2024-10-22 19:29:36.806
476,Shannah,Cardiology,.@yopmail.com,2024-10-22 19:29:36.806
236,Darlleen,Emergency Medicine,.@yopmail.com,2024-10-22 19:29:36.806
461,Albertina,Otolaryngologists,.@yopmail.com,2024-10-22 19:29:36.806
291,Gusella,Pulmonologists,.@yopmail.com,2024-10-22 19:29:36.806
411,Shel,Psychiatry,.@yopmail.com,2024-10-22 19:29:36.806
661,Priscilla,Anesthesiology,.@yopmail.com,2024-10-22 19:29:36.806
188,Dorice,Otolaryngologists,.@yopmail.com,2024-10-22 19:29:36.806
373,Melodie,Endocrinologist,.@yopmail.com,2024-10-22 19:29:36.806
908,Oralee,Surgery,.@yopmail.com,2024-10-22 19:29:36.806
594,Bobbi,Allergists,.@yopmail.com,2024-10-22 19:29:36.806
788,Leontine,Family Medicine,.@yopmail.com,2024-10-22 19:29:36.806
612,Dari,Dermatology,.@yopmail.com,2024-10-22 19:29:36.806
243,Arlena,Family Medicine,.@yopmail.com,2024-10-22 19:29:36.806
916,Annecorinne,Pulmonologists,.@yopmail.com,2024-10-22 19:29:36.806
538,Cassondra,Endocrinologist,.@yopmail.com,2024-10-22 19:29:36.806
552,Cecile,Internists,.@yopmail.com,2024-10-22 19:29:36.806
461,Kalina,Obstetric Anesthesiologists,.@yopmail.com,2024-10-22 19:29:36.806
949,Catharine,Dermatology,.@yopmail.com,2024-10-22 19:29:36.806
116,Dale,Anesthesiology,.@yopmail.com,2024-10-22 19:29:36.806
232,Tani,Geriatrician,.@yopmail.com,2024-10-22 19:29:36.806
272,Ardeen,Neurology,.@yopmail.com,2024-10-22 19:29:36.806
179,Rivalee,Psychiatry,.@yopmail.com,2024-10-22 19:29:36.806
748,Tomasina,Surgery,.@yopmail.com,2024-10-22 19:29:36.806
447,Wileen,Nephrology,.@yopmail.com,2024-10-22 19:29:36.806
582,Petronia,Anesthesiology,.@yopmail.com,2024-10-22 19:29:36.806
548,Helena,Family Medicine,.@yopmail.com,2024-10-22 19:29:36.806
775,Jsandye,Gastroenterology,.@yopmail.com,2024-10-22 19:29:36.806
925,Alejandra,Critical Care Medicine,.@yopmail.com,2024-10-22 19:29:36.806
893,Michaelina,Pulmonologists,.@yopmail.com,2024-10-22 19:29:36.806
501,Cathyleen,Psychiatry,.@yopmail.com,2024-10-22 19:29:36.806
625,Ezmeralda,Anesthesiology,.@yopmail.com,2024-10-22 19:29:36.806
877,Rubie,Allergists,.@yopmail.com,2024-10-22 19:29:36.806
281,Cyndie,Oncologist,.@yopmail.com,2024-10-22 19:29:36.806
654,Anallese,Otolaryngologists,.@yopmail.com,2024-10-22 19:29:36.806
985,Anestassia,Obstetric Anesthesiologists,.@yopmail.com,2024-10-22 19:29:36.806
457,Judy,Endocrinologist,.@yopmail.com,2024-10-22 19:29:36.806
759,Leona,Gastroenterology,.@yopmail.com,2024-10-22 19:29:36.806
364,Larine,Pediatrics,.@yopmail.com,2024-10-22 19:29:36.806
838,Dorthy,Geriatrician,.@yopmail.com,2024-10-22 19:29:36.806
112,Josephine,Pediatrics,.@yopmail.com,2024-10-22 19:29:36.806
949,Nananne,Surgery,.@yopmail.com,2024-10-22 19:29:36.806
810,Briney,Emergency Medicine,.@yopmail.com,2024-10-22 19:29:36.806
702,Clarice,Dermatology,.@yopmail.com,2024-10-22 19:29:36.806
726,Tabbatha,Oncologist,.@yopmail.com,2024-10-22 19:29:36.806
800,Chrystel,Anesthesiology,.@yopmail.com,2024-10-22 19:29:36.806
322,Deloria,Otolaryngologists,.@yopmail.com,2024-10-22 19:29:36.806
995,Loree,Anesthesiology,.@yopmail.com,2024-10-22 19:29:36.806
898,Elsie,Internists,.@yopmail.com,2024-10-22 19:29:36.806
811,Kellen,Pediatrics,.@yopmail.com,2024-10-22 19:29:36.806
713,Chastity,Otolaryngologists,.@yopmail.com,2024-10-22 19:29:36.806
455,Maryellen,Oncologist,.@yopmail.com,2024-10-22 19:29:36.806
599,Abbie,Anesthesiology,.@yopmail.com,2024-10-22 19:29:36.806
296,Arlena,Allergists,.@yopmail.com,2024-10-22 19:29:36.806
486,Lucy,Geriatrician,.@yopmail.com,2024-10-22 19:29:36.806
672,Nerta,Geriatrician,.@yopmail.com,2024-10-22 19:29:36.806
965,Flory,Obstetric Anesthesiologists,.@yopmail.com,2024-10-22 19:29:36.806
892,Elora,Radiology,.@yopmail.com,2024-10-22 19:29:36.806
519,Tilly,Ophthalmology,.@yopmail.com,2024-10-22 19:29:36.806
583,Marcelline,Dermatology,.@yopmail.com,2024-10-22 19:29:36.806
487,Karena,Dermatology,.@yopmail.com,2024-10-22 19:29:36.806
577,Tilly,Obstetric Anesthesiologists,.@yopmail.com,2024-10-22 19:29:36.806
630,Amii,Emergency Medicine,.@yopmail.com,2024-10-22 19:29:36.806
275,Danny,Allergists,.@yopmail.com,2024-10-22 19:29:36.806
426,Asia,Emergency Medicine,.@yopmail.com,2024-10-22 19:29:36.806
203,Kore,Infectious disease,.@yopmail.com,2024-10-22 19:29:36.806
990,Elbertina,Psychiatry,.@yopmail.com,2024-10-22 19:29:36.806
158,Shauna,Surgery,.@yopmail.com,2024-10-22 19:29:36.806
897,Vinita,Psychiatry,.@yopmail.com,2024-10-22 19:29:36.806
182,Belva,Otolaryngologists,.@yopmail.com,2024-10-22 19:29:36.806
536,Dorene,Geriatrician,.@yopmail.com,2024-10-22 19:29:36.806
277,Chere,Internists,.@yopmail.com,2024-10-22 19:29:36.806
407,Bill,Hospice and Palliative Care,.@yopmail.com,2024-10-22 19:29:36.806
506,Tersina,Critical Care Medicine,.@yopmail.com,2024-10-22 19:29:36.806
843,Lanae,Oncologist,.@yopmail.com,2024-10-22 19:29:36.806
142,Felice,Infectious disease,.@yopmail.com,2024-10-22 19:29:36.806
910,Margette,Surgery,.@yopmail.com,2024-10-22 19:29:36.806
702,Renie,Endocrinologist,.@yopmail.com,2024-10-22 19:29:36.806
443,Dorene,Cardiology,.@yopmail.com,2024-10-22 19:29:36.806
637,Lorenza,Ophthalmology,.@yopmail.com,2024-10-22 19:29:36.806
464,Alex,Internists,.@yopmail.com,2024-10-22 19:29:36.806
714,Mariann,Obstetric Anesthesiologists,.@yopmail.com,2024-10-22 19:29:36.806
800,Elie,Pulmonologists,.@yopmail.com,2024-10-22 19:29:36.806
991,Ericka,Dermatology,.@yopmail.com,2024-10-22 19:29:36.806
183,Elmira,Oncologist,.@yopmail.com,2024-10-22 19:29:36.806
898,Doro,Anesthesiology,.@yopmail.com,2024-10-22 19:29:36.806
106,Aigneis,Cardiology,.@yopmail.com,2024-10-22 19:29:36.806
633,Laure,Cardiology,.@yopmail.com,2024-10-22 19:29:36.806
418,Ardenia,Pediatrics,.@yopmail.com,2024-10-22 19:29:36.806
545,Lenna,Emergency Medicine,.@yopmail.com,2024-10-22 19:29:36.806
837,Imojean,Family Medicine,.@yopmail.com,2024-10-22 19:29:36.806
752,Alex,Surgery,.@yopmail.com,2024-10-22 19:29:36.806
493,Micheline,Ophthalmology,.@yopmail.com,2024-10-22 19:29:36.806
335,Deedee,Surgery,.@yopmail.com,2024-10-22 19:29:36.806
201,Fred,Surgery,.@yopmail.com,2024-10-22 19:29:36.806
500,Lanna,Cardiology,.@yopmail.com,2024-10-22 19:29:36.806
329,Natka,Neurology,.@yopmail.com,2024-10-22 19:29:36.806
939,Corene,Otolaryngologists,.@yopmail.com,2024-10-22 19:29:36.806
129,Aurelie,Gastroenterology,.@yopmail.com,2024-10-22 19:29:36.806
944,Oona,Ophthalmology,.@yopmail.com,2024-10-22 19:29:36.806
194,Silvana,Allergists,.@yopmail.com,2024-10-22 19:29:36.806
197,Stephanie,Nephrology,.@yopmail.com,2024-10-22 19:29:36.806
830,Anthia,Endocrinologist,.@yopmail.com,2024-10-22 19:29:36.806
103,Elie,Endocrinologist,.@yopmail.com,2024-10-22 19:29:36.806
265,Jerry,Psychiatry,.@yopmail.com,2024-10-22 19:29:36.806
485,Merrie,Pediatrics,.@yopmail.com,2024-10-22 19:29:36.806
344,Alyssa,Geriatrician,.@yopmail.com,2024-10-22 19:29:36.806
294,Almeta,Allergists,.@yopmail.com,2024-10-22 19:29:36.806
147,Joeann,Radiology,.@yopmail.com,2024-10-22 19:29:36.806
642,Sallie,Otolaryngologists,.@yopmail.com,2024-10-22 19:29:36.806
555,Corene,Internists,.@yopmail.com,2024-10-22 19:29:36.806
375,Talya,Surgery,.@yopmail.com,2024-10-22 19:29:36.806
490,Gratia,Cardiology,.@yopmail.com,2024-10-22 19:29:36.806
228,Mallory,Hospice and Palliative Care,.@yopmail.com,2024-10-22 19:29:36.806
104,Caritta,Allergists,.@yopmail.com,2024-10-22 19:29:36.806
933,Karlee,Internists,.@yopmail.com,2024-10-22 19:29:36.806
350,Jaclyn,Dermatology,.@yopmail.com,2024-10-22 19:29:36.806
223,Sam,Dermatology,.@yopmail.com,2024-10-22 19:29:36.806
512,Phylis,Gastroenterology,.@yopmail.com,2024-10-22 19:29:36.806
919,Lucy,Ophthalmology,.@yopmail.com,2024-10-22 19:29:36.806
632,Aili,Emergency Medicine,.@yopmail.com,2024-10-22 19:29:36.806
689,Gabi,Ophthalmology,.@yopmail.com,2024-10-22 19:29:36.806
895,Tarra,Psychiatry,.@yopmail.com,2024-10-22 19:29:36.806
405,Carolina,Infectious disease,.@yopmail.com,2024-10-22 19:29:36.806
453,Vere,Geriatrician,.@yopmail.com,2024-10-22 19:29:36.806
449,Elfreda,Obstetric Anesthesiologists,.@yopmail.com,2024-10-22 19:29:36.806
900,Mady,Geriatrician,.@yopmail.com,2024-10-22 19:29:36.806
342,Olivette,Emergency Medicine,.@yopmail.com,2024-10-22 19:29:36.806
600,Marinna,Emergency Medicine,.@yopmail.com,2024-10-22 19:29:36.806
453,Noelle,Geriatrician,.@yopmail.com,2024-10-22 19:29:36.806
202,Verla,Psychiatry,.@yopmail.com,2024-10-22 19:29:36.806
417,Deloria,Radiology,.@yopmail.com,2024-10-22 19:29:36.806
382,Annice,Psychiatry,.@yopmail.com,2024-10-22 19:29:36.806
444,Collen,Surgery,.@yopmail.com,2024-10-22 19:29:36.806
842,Aaren,Surgery,.@yopmail.com,2024-10-22 19:29:36.806
593,Carmela,Pediatrics,.@yopmail.com,2024-10-22 19:29:36.806
269,Cacilie,Otolaryngologists,.@yopmail.com,2024-10-22 19:29:36.806
450,Magdalena,Pediatrics,.@yopmail.com,2024-10-22 19:29:36.806
145,Joeann,Otolaryngologists,.@yopmail.com,2024-10-22 19:29:36.806
900,Wendi,Family Medicine,.@yopmail.com,2024-10-22 19:29:36.806
117,Valera,Geriatrician,.@yopmail.com,2024-10-22 19:29:36.806
956,Edyth,Neurology,.@yopmail.com,2024-10-22 19:29:36.806
639,Cordi,Surgery,.@yopmail.com,2024-10-22 19:29:36.806
977,Daryl,Psychiatry,.@yopmail.com,2024-10-22 19:29:36.806
586,Glenda,Geriatrician,.@yopmail.com,2024-10-22 19:29:36.806
110,Olivette,Endocrinologist,.@yopmail.com,2024-10-22 19:29:36.806
197,Carmencita,Pediatrics,.@yopmail.com,2024-10-22 19:29:36.806
127,Pollyanna,Pulmonologists,.@yopmail.com,2024-10-22 19:29:36.806
956,Danika,Surgery,.@yopmail.com,2024-10-22 19:29:36.806
754,Riannon,Anesthesiology,.@yopmail.com,2024-10-22 19:29:36.806
556,Kellen,Critical Care Medicine,.@yopmail.com,2024-10-22 19:29:36.806
656,Leontine,Radiology,.@yopmail.com,2024-10-22 19:29:36.806
427,Gabriellia,Emergency Medicine,.@yopmail.com,2024-10-22 19:29:36.806
178,Shaylyn,Emergency Medicine,.@yopmail.com,2024-10-22 19:29:36.806
334,Chickie,Internists,.@yopmail.com,2024-10-22 19:29:36.806
811,Fina,Geriatrician,.@yopmail.com,2024-10-22 19:29:36.806
699,Chickie,Infectious disease,.@yopmail.com,2024-10-22 19:29:36.806
726,Tomasina,Allergists,.@yopmail.com,2024-10-22 19:29:36.806
689,Belinda,Internists,.@yopmail.com,2024-10-22 19:29:36.806
268,Demetris,Emergency Medicine,.@yopmail.com,2024-10-22 19:29:36.806
929,Aryn,Obstetric Anesthesiologists,.@yopmail.com,2024-10-22 19:29:36.806
489,Sam,Nephrology,.@yopmail.com,2024-10-22 19:29:36.806
492,Marita,Surgery,.@yopmail.com,2024-10-22 19:29:36.806
910,Kellen,Endocrinologist,.@yopmail.com,2024-10-22 19:29:36.806
365,Roz,Neurology,.@yopmail.com,2024-10-22 19:29:36.806
570,Elise,Family Medicine,.@yopmail.com,2024-10-22 19:29:36.806
505,Jobi,Pulmonologists,.@yopmail.com,2024-10-22 19:29:36.806
890,Nollie,Ophthalmology,.@yopmail.com,2024-10-22 19:29:36.806
400,Rosaline,Pediatrics,.@yopmail.com,2024-10-22 19:29:36.806
403,Mallory,Hospice and Palliative Care,.@yopmail.com,2024-10-22 19:29:36.806
851,Shel,Cardiology,.@yopmail.com,2024-10-22 19:29:36.806
952,Oona,Family Medicine,.@yopmail.com,2024-10-22 19:29:36.806
401,Joelly,Gastroenterology,.@yopmail.com,2024-10-22 19:29:36.806
169,Maud,Gastroenterology,.@yopmail.com,2024-10-22 19:29:36.806
616,Roseline,Pulmonologists,.@yopmail.com,2024-10-22 19:29:36.806
604,Karena,Psychiatry,.@yopmail.com,2024-10-22 19:29:36.806
878,Allis,Neurology,.@yopmail.com,2024-10-22 19:29:36.806
437,Cecile,Emergency Medicine,.@yopmail.com,2024-10-22 19:29:36.806
455,Nelle,Otolaryngologists,.@yopmail.com,2024-10-22 19:29:36.806
524,Christy,Endocrinologist,.@yopmail.com,2024-10-22 19:29:36.806
890,Fredericka,Family Medicine,.@yopmail.com,2024-10-22 19:29:36.806
464,Nollie,Emergency Medicine,.@yopmail.com,2024-10-22 19:29:36.806
229,Althea,Gastroenterology,.@yopmail.com,2024-10-22 19:29:36.806
509,Dorice,Allergists,.@yopmail.com,2024-10-22 19:29:36.806
603,Frances,Gastroenterology,.@yopmail.com,2024-10-22 19:29:36.806
928,Doralynne,Neurology,.@yopmail.com,2024-10-22 19:29:36.806
158,Codie,Otolaryngologists,.@yopmail.com,2024-10-22 19:29:36.806
855,Di,Emergency Medicine,.@yopmail.com,2024-10-22 19:29:36.806
483,Isa,Ophthalmology,.@yopmail.com,2024-10-22 19:29:36.806
745,Margalo,Pediatrics,.@yopmail.com,2024-10-22 19:29:36.806
997,Georgina,Obstetric Anesthesiologists,.@yopmail.com,2024-10-22 19:29:36.806
383,Dolli,Endocrinologist,.@yopmail.com,2024-10-22 19:29:36.806
151,Karly,Internists,.@yopmail.com,2024-10-22 19:29:36.806
236,Emma,Critical Care Medicine,.@yopmail.com,2024-10-22 19:29:36.806
702,Mamie,Pediatrics,.@yopmail.com,2024-10-22 19:29:36.806
702,Jean,Otolaryngologists,.@yopmail.com,2024-10-22 19:29:36.806
147,Consuela,Oncologist,.@yopmail.com,2024-10-22 19:29:36.806
955,Fidelia,Nephrology,.@yopmail.com,2024-10-22 19:29:36.806
975,Caritta,Surgery,.@yopmail.com,2024-10-22 19:29:36.806
956,Helsa,Critical Care Medicine,.@yopmail.com,2024-10-22 19:29:36.806
220,Carly,Emergency Medicine,.@yopmail.com,2024-10-22 19:29:36.806
431,Dulcinea,Pediatrics,.@yopmail.com,2024-10-22 19:29:36.806
346,Coral,Anesthesiology,.@yopmail.com,2024-10-22 19:29:36.806
636,Tori,Oncologist,.@yopmail.com,2024-10-22 19:29:36.806
757,Beth,Psychiatry,.@yopmail.com,2024-10-22 19:29:36.806
370,Sindee,Anesthesiology,.@yopmail.com,2024-10-22 19:29:36.806
900,Marnia,Infectious disease,.@yopmail.com,2024-10-22 19:29:36.806
694,Rosabelle,Pulmonologists,.@yopmail.com,2024-10-22 19:29:36.806
935,Chastity,Geriatrician,.@yopmail.com,2024-10-22 19:29:36.806
324,Christal,Oncologist,.@yopmail.com,2024-10-22 19:29:36.806
306,Lindie,Nephrology,.@yopmail.com,2024-10-22 19:29:36.806
451,Steffane,Allergists,.@yopmail.com,2024-10-22 19:29:36.806
238,Cathie,Allergists,.@yopmail.com,2024-10-22 19:29:36.806
777,Lucille,Internists,.@yopmail.com,2024-10-22 19:29:36.806
594,Roseline,Pediatrics,.@yopmail.com,2024-10-22 19:29:36.806
387,Nadine,Nephrology,.@yopmail.com,2024-10-22 19:29:36.806
305,Christy,Nephrology,.@yopmail.com,2024-10-22 19:29:36.806
284,Adore,Endocrinologist,.@yopmail.com,2024-10-22 19:29:36.806
421,Chickie,Emergency Medicine,.@yopmail.com,2024-10-22 19:29:36.806
258,Elvira,Endocrinologist,.@yopmail.com,2024-10-22 19:29:36.806
745,Celene,Pulmonologists,.@yopmail.com,2024-10-22 19:29:36.806
709,Gretal,Oncologist,.@yopmail.com,2024-10-22 19:29:36.806
391,Shandie,Oncologist,.@yopmail.com,2024-10-22 19:29:36.806
995,Nikki,Psychiatry,.@yopmail.com,2024-10-22 19:29:36.806
369,Kimberley,Internists,.@yopmail.com,2024-10-22 19:29:36.806
715,Andeee,Hospice and Palliative Care,.@yopmail.com,2024-10-22 19:29:36.806
618,Melanie,Oncologist,.@yopmail.com,2024-10-22 19:29:36.806
189,Cam,Internists,.@yopmail.com,2024-10-22 19:29:36.806
791,Charmaine,Allergists,.@yopmail.com,2024-10-22 19:29:36.806
119,Lanna,Hospice and Palliative Care,.@yopmail.com,2024-10-22 19:29:36.806
658,Corina,Oncologist,.@yopmail.com,2024-10-22 19:29:36.806
